SWP,delta_C,delta_L,source,alpha,deviation
0.8861105453601749,0.12691563333999178,0.09506554518515324,Human structural,0.6428897527820566,-0.18144734385287287
0.952625779961353,0.0,0.06597481131972761,Human Structural,1.5707963267948966,1.0
0.7933937121053248,0.14737239355953619,0.2522968371021879,Cat cortex,1.0421328753385197,0.32688478774956287
0.6096422386875225,0.5519772291964438,0.008916394024202731,C. elegans (binary),0.016152149280911358,-0.9794344448030781
0.6615019756017134,0.47870669575815805,0.0013131943467362607,C. elegans (weighted),0.00274320594293628,-0.996507241714101
0.7283419088184223,0.35752041394001094,0.14062500000000003,Macaque,0.37474680817341344,-0.5228575445703277
